date,title,summary,price,vol_annual
2020-04-17,Fall of Natural Gas Prices Speeds Energy Shift in East Asia,"When natural gas became as cheap as coal in the U.S., it spawned an energy transformation that drove many companies out of business while generating opportunities for others. East Asia’s biggest economies are now going through the same upheaval.",2.186,1.1036343659391528
2020-04-20,Coronavirus Contract Disputes Start Hitting the Courts,Companies are suspending or terminating business agreements by relying on a common but rarely invoked escape hatch in many commercial contracts.,2.175,1.1124471229414925
2020-04-21,Shell Delays $1 Billion North Sea Development,"Royal Dutch Shell has postponed its Jackdaw natural-gas field development in the North Sea, as energy companies slash spending in response to plummeting prices.",2.04,1.1231060545488356
2020-04-27,Ship Orders Crash as Coronavirus Takes a Toll on Seaborne Trade,"The economic fallout from coronavirus restrictions helped cut investment in shipbuilding to its lowest level in 11 years in the first quarter, with work at Asian shipyards nearly halted and owners holding back on orders as global demand for goods nosedived.",1.9,1.1677863259612222
2020-05-21,A Natural Gas Exec Turned His Colorado Ranch Into a ‘Mini Country Club.’ Now He’s Selling It for $220 Million.,"Egypt-born entrepreneur Charif Souki invested many millions into the 813-acre property, which includes a gym, a clubhouse and seven homes.",2.125,1.276431111500736
2020-05-28,Global Glut Keeps a Lid on Natural-Gas Prices,"Mild May weather has limited domestic demand, brimming storage facilities abroad have reduced exports and the flow from oil wells hasn’t declined by as much as expected.",1.938,1.311738285669993
2020-05-29,Natural Gas Is Losing Its Shine for Ship Operators,"The pandemic is hitting the market for natural gas hard, undercutting hopes for a rich new vein for profits on the water. It is making the business of transporting liquefied natural gas look more like other sectors that have been sending operators of oceangoing cargo ships through wild peaks and valleys.",1.938,1.320039116467188
2020-06-04,America’s Natural-Gas Woes Are Imported,Natural-gas inventories are bulging before summer has begun and neither domestic supply nor demand is the reason.,2.025,1.350462312279339
2020-06-15,"As Turkey Shunned Russian Gas, Its Companies Amassed Debt","A string of Turkish companies have accumulated debt of about $2 billion to Russian state energy giant PAO Gazprom, according to people familiar with the matter, liability that could hinder Ankara’s drive to reduce its reliance on Russian natural gas, in part by boosting imports from the U.S.",2.1,1.3959353453720489
2020-06-30,"Shell Takes $22 Billion Write-Down, Expecting Lower Oil and Gas Prices",Royal Dutch Shell is writing down the value of its assets by up to $22 billion because of lower energy prices following the demand-sapping coronavirus pandemic.,2.15,1.4521123654643946
2020-07-02,Shipowners Line up for Total’s Mozambique LNG Project,Some of the world’s biggest shipowners are lining up to move natural gas from Mozambique as French energy giant Total moves ahead with its $23 billion East Africa liquefaction project.,2.125,1.4614140585231523
2020-07-03,(1) China Is Unlikely to Meet Purchase Targets for U.S. Energy (2) Companies Cancel Atlantic Coast Pipeline After Years of Delays ,(1) Economic fallout from the coronavirus pandemic has cast doubt on whether China can meet its targets to buy U.S. goods under this year’s trade deal—with energy emerging as the biggest casualty. (2) Duke Energy and Dominion Energy are pulling the plug on the proposed $8 billion pipeline under the Appalachian Trail as companies continue to meet environmental opposition to new fossil fuel conduits in the U.S. ,2.125,1.4662180383306744
2020-07-07,The World Can’t Take Much More Shale Gas,"Natural-gas prices have bounced back from the 25-year low reached late last month, but analysts and traders don’t expect them to go much higher. At least until it is time to turn on the heat.",2.138,1.4758772927101376
2020-07-24,Shipyards’ Rebound Hopes Are Coming Up Empty,Orders for new oceangoing ships are at record lows as carriers sit on the sidelines amid faltering trade demand during the pandemic and uncertainty over future ship-power technology.,2.563,1.511709594082579
2020-07-27,"Emerging and Growth Markets, July 25th 2020",A weekly roundup of key news affecting emerging and growth markets from the Wall Street Journal and beyond.,2.643,1.5137016549450897
2020-07-29,Total Takes $8 Billion Write-Down on Weak Oil Outlook,"The French energy giant is reducing the value of its Canadian oil-sand assets and LNG assets in Australia, citing higher costs and lower demand.",2.675,1.5173457757503266
2020-07-30,Shell Swings to Historic Loss as Pandemic Devastates Oil Demand,"Royal Dutch Shell swung to a heavy loss in the second quarter and warned that the outlook for oil-and-gas demand continued to be uncertain, illustrating the scale of the damage Covid-19 is wreaking on the industry.",2.7,1.51912945683728
2020-08-20,Islamist Attacks in Mozambique Threaten to Disrupt Total-Led Natural-Gas Project,"Fighting between Islamic extremist rebels and Mozambique’s army over a key port is threatening to disrupt the East African nation’s burgeoning natural-gas developments, including a multibillion-dollar project led by French energy giant Total.",4.125,1.5220230151422676
2020-08-21,"(1) Today’s Logistics Report: Fighting for a Port; Strife on Docks; Accelerating Technology (2) Natural Gas Prices Are on Fire, but Producers Are Holding Back (3) Coronavirus Further Complicates Shell’s Giant Floating Gas Project ","(1) Today’s Top Supply Chain & Logistics News. (2) Natural gas prices have shot up 66% since late June, and speculators are betting they will keep climbing. But the companies that control the country’s spigots aren’t so sure. (3) Shell spent billions of dollars developing a floating gas terminal five football fields long. The pandemic is posing a new problem: How to get workers safely back on site to start it back up. ",3.979,1.52123312937944
2020-08-24,Blackstone Nets $5 Billion From Cheniere Stake Sale,Blackstone Group is selling a stake in liquefied natural gas exporter Cheniere Energy Partners to Brookfield Asset Management’s infrastructure arm in a deal that will provide Blackstone’s energy investing group with a gain of roughly $5 billion.,3.85,1.520477218102208
2020-08-26,U.S.’s Fuel-Making Corridor Prepares for Hurricane Laura,"Refineries, petrochemical facilities and ports along the Gulf Coast were closing as the hurricane strengthened to a Category 4 storm with 140-mile-an-hour winds barreling toward the Texas-Louisiana border.",3.908,1.5192846040658832
2020-08-27,America’s Energy Corridor Narrowly Averts Direct Hit From Laura,"Hurricane Laura appeared to narrowly miss the heart of America’s fuel-making and chemicals infrastructure along the Gulf Coast, where companies and officials were assessing damage Thursday morning.",4.058,1.5189383407232906
2020-08-31,Natural-Gas Prices Turn Lower,Prices of natural gas were dragged down by cooler-than-expected weather and reduced demand for gas-powered cooling as the end of summer approaches.,4.294,1.5185921344131306
2020-09-09,"NBA Bubble Works for Actors and Utility Workers, Too",There are lessons in the successes of quarantine bubbles like the NBA’s that could shape how some companies ramp back up as U.S. coronavirus cases continue to climb.,4.613,1.5193378877285042
2020-09-11,The New Geopolitics of Energy,Power is shifting from longtime oil giants like Russia and Saudi Arabia to innovators like China—and maybe the U.S.,4.55,1.5196441779442018
2020-09-16,U.S. Gas Exporters Eye Europe’s Surging Prices,"Natural-gas prices have surged in Europe, offering good news for exporters that invested in infrastructure for shipping it over the past decade, only to contend with a collapse in sales when the pandemic struck.",4.792,1.516821922270944
2020-09-25,PE Daily: SEC Scrutinizes SPACs | Alaska Permanent Fund’s Stock Boost | Hastings’s Co-Investment Pool,"This year, investors, including a number of private-equity folks, have been forming blank-check companies at breakneck speed. All the frenzy has attracted regulatory attention, as Dave Michaels and Alexander Osipovich reported yesterday for The Wall Street Journal. Comments by SEC Chairman Jay Clayton sparked a sharp, albeit temporary, selloff in SPAC shares yesterday. Specifically, Mr. Clayton said his agency is focused on the incentives and compensation for SPAC sponsors. We’ll see if his comments throw any cold water on this year’s SPAC fire.",4.938,1.4826533873917482
2020-09-28,"CFTC Nominee Traded Stocks, Options While in Government",President Trump’s nominee to the agency that regulates the vast derivatives market traded extensively in stocks and options during his more than three years in government.,5.074,1.480017619485433
2020-09-30,"(1) Shell to Cut Up to 9,000 Jobs (2) Oil Giant Total Pledges Renewable Power Push ","(1) Royal Dutch Shell said it would cut up to 9,000 jobs in a broad restructuring, as the energy giant grapples with the ongoing fallout of the pandemic. (2) Total SA pledged to ramp up its spending on renewable energy and reduce its dependence on petroleum, the latest move by a major oil company toward cleaner power. ",5.163,1.4755958508185738
2020-10-01,Pandemic Pain Persists for Big Oil Companies,Major oil companies signaled they remain under extreme financial pressure and oil prices slid Thursday as demand for fossil fuels rebounds slowly after being crushed by the coronavirus pandemic.,5.163,1.473498096253833
2020-10-08,Russia’s Siberian Waters See Record Ship Traffic as Ice Melt Accelerates,"The Arctic has gone through its warmest summer on record, and with the ice melting, more ships than ever are sailing along Russia’s Siberian coast, underscoring its role as a growing energy transport corridor and potential as a new ocean trade route.",5.388,1.4630142694426826
2020-10-29,"Shell Tries to Woo Investors With Dividend Raise, Promise of Future Payouts","Shell reported a small profit, raised its dividend and said it planned to increase shareholder payouts, offering an upbeat assessment of its ability to weather the pandemic-inspired demand shock that has kept oil prices weak.",7.176,1.490018421607814
2020-11-03,French Power Company Drops U.S. LNG Deal,Engie’s decision to halt negotiations with LNG exporter NextDecade follows reports of pressure from the French government over methane concerns.,6.535,1.506960006372985
2020-11-04,Cold Weather Thaws Natural-Gas Prices,Winter’s approach and a lot of working from home have lifted natural-gas prices to more than double their summer lows.,6.628,1.5117825480909717
2020-11-19,Natural Gas Heads Into Winter Looking Bloated,"Oil is the commodity with a cartel, but in the U.S., natural-gas producers are the ones showing cartel-like discipline this year. That firmness will be key as the country enters the winter with high levels of natural gas in storage.",6.401,1.5841092717711285
2020-11-26,U.K.’s Centrica Seeks to Sell Liquefied Natural Gas Portfolio,"The energy supplier is trying to sell its portfolio of LNG supply contracts and other assets, according to people familiar with the matter, as it seeks to simplify its operations amid volatile LNG prices.",7.138,1.613827304898953
2020-12-09,"Natural Gas, Propane Are Early Winners in Quest for Clean Ship Fuels",Natural gas and propane are emerging as the leading choices for fuel sources to power vessels for shipping companies moving to slash carbon emissions in their operations.,9.175,1.7814799812890814
2020-12-21,Shell Signals Another Poor Quarter for Oil Majors,"Shell said it would write down the value of its assets by up to $4.5 billion and warned of another set of poor earnings for the fourth quarter, showing how the oil-and-gas industry continues to struggle amid the fallout of the pandemic.",11.402,2.2061031267951328
2020-12-24,"Gas Is Cleaner Than Oil, But It Still Has a Transition Problem","As a relatively clean fossil fuel, natural gas will play a useful role for years to come. It is less certain that it will be a profitable one.",11.811,2.348358996978218
2021-01-11,"(1) Cold Snap Sparks Record Rise in Natural Gas Prices in Asia (2) Emerging and Growth Markets, January 9th 2021 ","(1) A blast of cold weather in northeast Asia and a shortage of ships for transporting gas have sparked a scramble for cargoes of liquefied natural gas, igniting a steep rise in prices. (2) A weekly roundup of key news affecting emerging and growth markets from the Wall Street Journal and beyond. ",28.221,3.675546384338512
2021-01-15,(1) Australia Considers Outback Quarantine Camps (2) Record Liquefied Natural Gas Prices in Asia Won’t Last ,"(1) Aggressive quarantine programs have kept the coronavirus at bay in Australia, but as contagious new Covid-19 strains threaten that success, one leader wants to house returned travelers far from cities, in Outback camps where temperatures can top 100 degrees. (2) A cold snap and a supply crunch have created a perfect storm for liquefied natural gas prices in Asia, but investors in the sector should be aware that the pendulum is likely to swing the other way soon. ",26.99,4.950068348449281
2021-01-28,Ship Operators Seek Calmer U.S. Trade Waters Under Biden,"Carrier executives say sanctions, trade turmoil under Trump undercut planning and fueled uncertainty in maritime operations.",8.477,4.99285958638422
2021-02-01,Wintry Weather Lifts Natural-Gas Prices,"Natural-gas futures are 57% higher than a year ago, when the weather was uncommonly warm, yet still about 15% below the price to start this heating season.",8.738,5.000048601488652
2021-02-10,Americans Heating Outdoor Spaces Have Fired Up Propane Prices,"Propane prices have risen more than 70% this winter thanks to an explosion in patio heating and booming exports to Asia. Prices are up more than fourfold from the March bottom, when cold-weather outdoor dining hadn’t been contemplated.",7.05,4.999257964055464
2021-02-11,"Shell Hits Its Own Peak Oil, Plans to Reduce Output","The company said it would start reducing oil production, calling an end to a decades-old strategy centered on pumping more hydrocarbons as it and other energy giants seek to capitalize on a shift to low-carbon power.",6.9,4.997000010591016
2021-02-15,Oil Prices Rally as Cold Blast Hits Texas,Frigid temperatures across swaths of the country injected new momentum into the rally in energy markets in part by threatening oil-and-gas production in Texas.,6.9,4.994686862974161
2021-02-16,Don’t Blame Wind for Texas Electricity Woes,Renewable energy and market design are easy targets during electricity failures but they are inadequate explanations.,6.349,4.991736232229696
2021-02-18,U.S. Natural Gas Shortage Hampers Blackout Recovery,Frozen oil and gas wells and pipeline infrastructure have reduced the fuel available to power plants as companies seek to restore electricity to millions this week.,6.288,4.986314024081283
2021-02-23,PE Daily: A New Enforcement Era for PE | K1 Bets on Atera Networks | Boyu Capital’s Singapore Shift,"The U.S. crossed a sobering threshold in the coronavirus pandemic yesterday, surpassing 500,000 deaths, even as the nation continues to roll out vaccinations against the virus.",6.275,4.97846700069791
2021-03-05,China’s Pursuit of Natural Gas Jolts Markets and Drains Neighbors,Beijing’s quest to run the world’s second-largest economy on cleaner energy is reshaping global trade in the fossil fuel.,5.825,4.956931158995398
2021-03-10,India’s Top Shipping Company Set to Kick Off Privatization Push,"At least five maritime operators are in talks with the Indian government to buy a majority stake in the country’s biggest shipping company, which could be among the first public entities to be sold in the country’s biggest ever privatization drive.",6.05,4.950244475295156
2021-03-25,Energy Industry Grapples With Fallout From Suez Canal Blockage,"The fallout from the Suez Canal blockage rippled through the energy industry, with the cost of renting tankers rising and shippers starting to plot alternative routes for supplies of oil and gas.",6.863,4.929176730845975
2021-03-26,"(1) Suez Canal Blockage Sends Exporters Scrambling (2) Amid Islamist Siege in Mozambique, Energy Giant Scrambles to Evacuate ","(1) Asian and European manufacturers, which rely heavily on the Suez Canal to move their products between regions, are weighing contingency plans as efforts to move a ship drag out. (2) Total and international contractors were moving staff from a $20 billion natural-gas project. ",6.813,4.926302535295579
2021-04-22,Ship Operators Move Toward LNG to Pare Emissions,Natural gas-powered vessels are becoming more popular as a halfway measure as a search continues for non-carbon-based fuels.,8.705,4.844953999810168
2021-04-23,How to Add Gas to U.S.-China Climate Cooperation,"Both the U.S. and China want to capture the renewable energy market, but on gas there is a clearer—and rare, these days—alignment of interests.",8.55,4.8395441891582855
2021-05-04,U.S. LNG Club Could Get More Exclusive,"Healthy demand growth should help U.S. LNG exporters such as Cheniere Energy, but supply additions from global giants will make it difficult for new projects to break through.",9.513,4.799658761207983
2021-05-28,Pro Bankruptcy Briefing: Manhattan Firm’s Liquidators Say Lawyer Short $17 Million in Client Funds,Liquidators say the collapse of real-estate law firm Kossoff PLLC destroyed livelihoods and left a trail of unpaid creditors behind. The liquidating trustee sifting through the defunct firm warned of a difficult case ahead.,10.313,4.735141284486469
2021-06-23,"Melting Ice Pits Russia Against U.S., China for Control of Shipping Route","The Kremlin is close to realizing its controversial plans for a global shipping route in its high north—plans that have put Moscow at odds with the U.S. and could create friction with China, two countries that also have designs on the Arctic.",12.461,4.669665083754426
2021-07-13,Record Natural Gas Prices Give Power Markets a Jolt,"A scramble for natural gas is creating pockets of scarcity in the global market, boosting prices for the fuel and for the electricity generated by burning it.",13.288,4.641307791204495
2021-07-19,Santos Has Proposal to Acquire Oil Search Rejected,The deal would have brought together two Australia-listed companies to create $16 billion energy producer.,14.262,4.6291256204643565
2021-08-12,"Frackers, Shippers Eye Natural-Gas Leaks as Climate Change Concerns Mount",The top U.S. gas producer and exporter have teamed up to track the emissions from wells that feed major shipping terminals amid growing pressure from investors and customers.,17.155,4.716254048886319
2021-08-13,Shale Pioneer Chesapeake Touts Natural Gas Again,"The company has agreed to purchase Vine Energy, positioning itself for the export market six months after exiting bankruptcy.",16.95,4.728389982994044
2021-08-27,A Fledgling Natural-Gas Exporter Has Become a Meme Stock,"Charif Souki, a pioneer of America’s shale-gas shipping industry, is connecting with young, internet-savvy investors who have taken an interest in his fledgling company",18.069,4.834780100916461
2021-09-10,Natural-Gas Market Conditions Look Unnatural,"Storage levels of the fuel look rather thin globally, while prices have surged. A cold winter in parts of the world could send prices even higher.",20.518,5.073257031849725
2021-09-13,Energy Prices in Europe Hit Records After Wind Stops Blowing,A sudden slowdown in wind-driven electricity production off the coast of the U.K. in recent weeks whipsawed through regional energy markets.,21.828,5.109742512443977
2021-09-17,"Natural-Gas Prices Surge, and Winter Is Still Months Away",The jump in prices is prompting worries about winter shortages and forecasts for the most expensive fuel since frackers flooded the market.,25.083,5.361729862270677
2021-09-20,America’s Next Hot Import Might Be Record Energy Prices,"Natural-gas, coal and electricity prices are all running abnormally high, far too early.",26.441,5.437323849820041
2021-09-22,"(1) Russia’s New Gas Pipeline to Germany Delivers More Power to Moscow (2) Europe Pumps Less Gas as Demand Rebounds, With Russia Filling the Gap ","(1) A cold winter might force European regulators to speed up the approval process for the controversial Nord Stream 2 pipeline now running between Russia and Germany. (2) Natural-gas supply shortfalls have led to record prices for the fuel and for electricity, leading to fears of a shortage and spotlighting European efforts to slash greenhouse-gas emissions. ",27.266,5.614821546471432
2021-09-30,Gas Markets Will Get Even More Exciting,"The cleaner-burning fuel is at the heart of the energy transition, but its price volatility is likely to only get worse.",34.47,6.252758702081397
2021-10-01,Winter Is Coming. Should the U.S. Hang On to Its Natural Gas?,Rising natural gas prices could put pressure on politicians to limit exports—but curbs have the potential to backfire.,33.845,6.392420087373223
2021-10-07,(1) Winter Forecast Is Cold Comfort for Natural-Gas Consumers (2) Natural-Gas Shortage Sets Off Scramble Ahead of Winter ,"(1) A closely watched forecast shows that the coming winter will be manageable for the U.S. natural-gas markets. That may not be enough to take the air out of natural-gas prices. (2) The resurgence in demand from economies bouncing back from the pandemic and other factors caught traders, shipowners and energy executives off guard. ",35.604,7.430542532174665
2021-10-08,An SEC Rule Was Meant to Protect Individual Investors. Chaos Ensued.,Thousands of stocks and bonds in the over-the-counter market are now out of reach for small investors. Professionals are still trading.,38.414,7.596336988542953
2021-10-12,Big Energy Companies’ New Pitch: ‘Carbon-Neutral’ Oil and Gas,"Some energy companies are selling oil and gas bundled with carbon offsets and marketing the products as carbon neutral, but critics say the practice could undermine the case for burning less fossil fuel.",34.002,7.819868874936145
2021-10-13,Russia Shows Its Growing Sway Over Global Energy Markets,"Russia, the world’s largest exporter of gas in the world and the source of more than a third of Europe’s gas, has emerged as a critical supplier with the power to quickly alleviate the continent’s gas deficit.",35.546,7.937229972544292
2021-10-15,Some Investors Say Bank Pledges on Arctic Drilling Contain Loopholes,Controversy over the funding of Arctic oil-and-gas drilling comes as world leaders and top financiers prepare to gather for the United Nations climate conference on curbing carbon emissions.,36.598,8.201846292135903
2021-10-22,Natural Gas Prices Drop From Recent Peak,"Natural-gas prices have shed 19% since hitting a 13-year high earlier this month, reversing some of a run-up that has prompted fears of exorbitant heating bills and higher manufacturing costs at a time of already high prices.",33.642,8.703696294029248
2021-10-26,PE Daily: Silver Lake Returns With a New Megafund | Shakeup at Blackstone’s Hedge-Fund Business | BV Investment Partners to Buy Outsourcing Company,"Even given the tech-buyout giants’ history of pushing the fundraising envelope, the latest effort from Silver Lake may come as a surprise.",34.232,8.873911186653228
2021-11-02,"China Binges on U.S. Gas to Manage Energy Shortage, Carbon Footprint","Record U.S. liquefied natural gas exports to China today are in contrast to just a couple of years ago, after the country imposed tariffs on U.S. LNG during the trade war.",26.225,9.0923172056949
2021-11-05,Natural-Gas Exports Lift Prices for U.S. Utilities Ahead of Winter,"The supply squeeze, one of the first ever since the U.S. began sending large volumes of gas abroad, means hefty heating bills for consumers.",30.306,9.161863931487582
2021-11-16,PE Daily: Spring Hill Nabs $151 Million | Bain Capital Backs Mixpanel | Tim Draper’s ESG Style | Equinox Bags $255 Million in Bridge Financing,"Today we have two reports from our Luis Garcia, who unpacks a Bain Capital investment in data analytics company Mixpanel Inc. and details fundraising efforts by another Boston firm, Spring Lane Capital, which is nearing the halfway mark in a drive to collect $400 million for a new fund.",34.469,9.45516827314148
2021-12-06,Balmy Forecasts Send Natural Gas Prices Plunging,Worries of soaring heating bills have diminished as warm weather and higher production boost supply.,33.226,10.317926167986444
2021-12-15,Energy Crisis in Europe Intensifies,"Cold weather and fear of a Russian invasion of Ukraine are sending natural gas prices into overdrive, fueling inflation and clouding economic growth.",41.382,10.773365525326865
2021-12-17,(1) U.S. Gas Exports Likely More Trickle Than Flood (2) Taiwan Voters Back Ruling Party in Referendum ,(1) Market conditions look ripe for another wave of liquefied natural gas export terminals being built in the U.S. Grabbing that opportunity will be easier said than done. (2) The vote is a setback for Beijing that removes a key obstacle to a U.S. trade deal. ,38.699,10.932365386590924
2022-01-14,PE Daily: Welsh Carson Seeks $5 Billion | Altura’s First Close | Secondary Market to See More Strip Sales,"Although the weather may be freezing, the pace of private-equity fundraising activity still seems to be red hot with Preeti Singh reporting that Welsh Carson Anderson & Stowe has returned to the fundraising trail seeking $5 billion for its newest fund offering.",27.943,11.525730284033324
2022-01-21,Germany’s Reliance on Russian Gas Limits Europe’s Options in Ukraine Crisis,Berlin is vulnerable if the West sanctions Russia over Ukraine and Moscow responds by cutting off natural-gas exports.,20.172,11.445935164874957
2022-01-27,(1) Russia Standoff Prompts Europe to Enlist U.S. Help Securing Gas (2) Natural-Gas Futures Spike in Latest Market Turmoil ,"(1) European officials are scrambling to lock down energy supplies they would need to keep their economies churning if hostilities around Ukraine imperil natural gas piped from Russia. (2) At one point, late in the trading session, February futures jumped to nearly $7.35 before crashing back down and rising again to the closing price. ",28.272,11.407130610397363
2022-01-28,"(1) Chevron Still Has Gas in Its Tank (2) Before Ukraine Standoff, U.S. Pitched Its ‘Freedom Gas’ to Europe and Found Few Takers ","(1) Chevron’s record-breaking results weren’t enough to keep up with its record-breaking share prices. With the strongest balance sheet among peers, though, it will have more flexibility to woo investors later in the year. (2) American efforts to export LNG to the continent as an alternative to Russian supplies achieved mixed results. As conflict looms, options to send more gas now are limited. ",29.678,11.406802563032729
2022-02-07,Weaning Europe Off Russian Gas Will Take Time,Pipeline diplomacy with Moscow has built an interdependence that will take years to unwind.,26.335,11.358291305782242
2022-02-09,Russia Thrived as It Integrated With the West—a New Cold War Is Unraveling That,A Ukraine invasion would trigger sweeping sanctions that cripple Russia’s few knowledge industries and push it closer to China.,24.651,11.32058003003612
2022-02-14,Why Russian Invasion Peril Is Driving Oil Prices Near $100,"Spare supplies of oil and gas are limited globally as demand rebounds faster than production, making a Russian move on Ukraine a serious geopolitical risk event.",26.701,11.249479590810507
2022-02-17,Europe’s Energy Crisis Pays Off for U.S. Natural-Gas Sellers,The U.S. became the top LNG exporter for the first time during December as falling natural-gas supplies from Russia and Ukraine tensions boosted energy prices in Europe.,24.301,11.160464069161495
2022-02-18,Can Quebec’s Dams Power New York? Blackstone Is Betting $4.5 Billion on It.,The private equity giant learned how challenging it can be to bring renewable power to the Big Apple—from hundreds of miles away.,24.171,11.128710301146665
2022-02-22,"Germany Puts Nord Stream 2 Pipeline On Hold, Raising Supply Worry",Berlin is reassessing the Russian natural-gas project despite Europe’s winter of surging prices and concern over future supplies.,25.548,11.066300435535808
2022-02-23,"(1) With Nord Stream 2 Freeze, Germany Takes First Step to Cut Russian Gas Reliance (2) Ukraine Crisis Kicks Off New Superpower Struggle Among U.S., Russia and China ","(1) Vladimir Putin’s aggression in Ukraine triggered a search for alternative gas supplies, but it could take years for Berlin to wean itself off Russian imports. (2) Beijing and Moscow now hold a stronger hand in confronting the West than during the Cold War. ",27.848,11.04019015493978
2022-02-24,"(1) Russia Attack on Ukraine Threatens European Gas Supplies (2) Russian Invasion Scrambles Prospects for Global Economy (3) As Ukraine Burns, Europe’s Energy Options Look Limited ","(1) Natural-gas prices rose around the world as Russia’s new military push against Ukraine poses another threat to Europe’s already tenuous supply of natural gas. (2) The attack on Ukraine heaps fresh risks on a global economy struggling with soaring inflation, supply-chain snarls and a rocky recovery from the pandemic. (3) Europe will be able to manage a disruption to natural-gas flow through Ukraine. If Russia starts cutting off natural gas altogether, though, there isn’t a whole lot the world can do to help. ",36.898,11.050898309105229
2022-02-25,"(1) Russia’s Energy Dominance Ties West’s Hands in Ukraine War (2) Germany to Raise Defense Spending Above 2% of GDP (3) Russia Sends Natural-Gas Tankers to Kaliningrad Outpost (4) As War Reshapes Europe, Germany Pivots on Defense, Aid ","(1) Europe gets about 40% of its natural-gas imports from Russia, making it hard to sanction a sector that is a vital source of revenue for Moscow. (2) The nation will boost defense spending and create a strategic natural-gas reserve, Chancellor Olaf Scholz said, marking a significant shift in reaction to Russia’s war in Ukraine. (3) Stationing LNG ships in the Baltic amid Ukraine fighting indicates Moscow is poised for wider disruption to European energy supplies. (4) Chancellor’s shake-up of a German foreign policy that has long relied on trade and diplomatic dialogue, while playing down the need for military strength, shows how Vladimir Putin’s war on Ukraine is sending shock waves throughout Europe. ",33.048,11.039464382098014
2022-02-28,(1) Energy Sanctions Are a Weapon Putin Would Understand (2) Consolidation Drives Private Equity’s Haynesville Shale Exits ,"(1) Sanctions on Russia announced since it invaded Ukraine have been designed to exclude commodity imports. President Biden and his allies fear the impact of comprehensive sanctions on resource markets and their economies, particularly in Europe where gas supplies are already tight. (2) A consolidation push among U.S. oil-and-gas producers is creating opportunities for private-equity firms to sell energy companies after years of slow exit activity in the industry—a trend that has been particularly visible among businesses operating in the gas-rich Haynesville Shale region in the South. ",36.874,11.04557255872754
2022-03-04,Europe Fears It Could Be Too Late to Shake Off Russian Gas Addiction,A decadeslong reliance on Moscow’s energy has left Europe unprepared if the taps are turned off.,47.297,11.412972144521865
2022-03-07,Replacing Russian Gas in Europe Will Require State Planning,"Europe’s latest energy plan, expected out this week, will likely cover a host of actions, from energy efficiency measures in transport, machines and buildings, to hydrogen and possibly even hydropower and marine energy.",84.762,12.047413267929644
2022-03-11,"(1) For Some Countries, Economic Ripples of Ukraine War Bring Windfall (2) How Europe Hopes to Wean Itself From Russian Natural Gas ","(1) Those rich in oil and gas and other commodities are expected to get a boost from soaring prices, though inflation will sting consumers and weigh on global growth. (2) Europe has managed to divert some U.S. liquefied natural gas shipments to its ports. But EU countries will likely need to sign longer-term contracts to lock in demand. ",28.603,12.143184710085126
2022-03-14,The High Cost of Europe’s Energy Security,"The European Union is expected to release another round of sanctions this week covering industries such as steel and luxury goods, but the kind of bans on Russian energy introduced by the U.S. and U.K. aren’t on the table.",29.647,12.110740946422077
2022-03-18,How the West Can Win a Global Power Struggle,"In an economic Cold War pitting China and Russia against the U.S. and its allies, one side holds most of the advantages. It just has to use them.",35.378,12.043887180174789
2022-03-21,Cash Crunch Drives Wild Moves in Commodities,"Commodity traders are being hit by huge cash requests from banks and exchanges, propelling whipsaw moves in markets and hindering the movement of materials beyond Russia and Ukraine.",32.753,12.015577936857293
2022-03-23,Many Businesses Are Quitting Russia. Big French Firms Are Staying Put.,"Some of France’s largest companies, including Renault, Societe Generale and TotalEnergies, are maintaining ties in Russia after its invasion of Ukraine.",33.841,11.957298744957669
2022-03-25,(1) Europe’s Energy Woes Are Rerouting Global LNG Flows (2) U.S. to Boost Gas Deliveries to Europe Amid Scramble for New Supplies (3) Natural-Gas Industry Gets Boost as Biden Shifts Stance ,"(1) European customers are just beginning to replace Russian pipeline gas with liquefied natural gas from the U.S. (2) The U.S. is ramping up shipments of liquefied natural gas to Europe this year as the continent hunts for new supplies around the globe to phase out its reliance on Russian energy after the invasion of Ukraine. (3) President Biden’s pledge to increase U.S. liquefied natural-gas exports to Europe marks a further retreat from his hard-line stance against fossil fuels, sending industry share prices surging. ",32.66,11.91863565614011
2022-03-30,(1) Europe Woos Qatar for an Alternative to Russian Gas (2) How High Energy Prices Could Help Both the Climate and the U.S. (3) Germany Braces for Less Gas as Russia Demands Ruble Payments (4) The LNG Export Boom is Draining U.S. Natural-Gas Supplies and Lifting Prices (5) Stocks Decline as Oil Prices Rise ,"(1) The Persian Gulf kingdom is emerging as one of the most attractive options in Europe‘s search for new sources of natural gas to replace Russian imports. (2) With Russian output shut in, U.S. producers could gain market share even as the world hastens the shift to renewables. (3) Germany’s economy minister said Berlin triggered the early-warning stage of a contingency plan to insulate the country against any possible reduction in Russian gas deliveries. (4) Overseas shipments of shale gas are replacing Russian supplies in Europe and boosting prices at home. (5) U.S. share benchmarks fell and oil prices climbed, as concerns about the war in Ukraine and rising commodity prices continued to weigh on investors. ",36.916,11.829911010509992
2022-04-01,Asian Liquefied Natural Gas Demand Is Cooling Fast,Skyrocketing natural gas prices driven by Europe are already showing signs of damaging what had been the crucial growth market for LNG: Asia.,35.998,11.78018269440086
2022-04-04,(1) Tailwater Capital’s Herring Sees Promise in ‘Gasification’ of the Economy (2) Ukraine War Drives Countries to Embrace Renewable Energy—but Not Yet ,"(1) The private-equity firm is betting natural gas will become increasingly important for facilitating the transition to clean-energy sources (2) Many nations are speeding up plans to transition to green energy, such as wind and solar power, in their quest to replace Russian supplies. In the near term, they’re leaning even more on oil, gas and coal. ",33.473,11.747013269755804
2022-04-07,"(1) Shell Warns of Up to $5 Billion Hit From Russia Exit (2) Frontline, Euronav Merge to Create Tanker Giant in $4.2 Billion Stock Deal ","(1) The first-quarter accounting charges follow the oil major’s decision to sever ties with Russia in response to the invasion of Ukraine. (2) Two of shipping’s biggest names agreed to merge, in a move that would create one of the world’s biggest tanker owners. ",30.718,11.628677797179517
2022-04-08,Europe Debates How to Cut Purchases of Russian Oil,European Union officials are seeking to make oil the focus of the bloc’s next set of economic measures against Russia over its invasion of Ukraine.,31.443,11.58745381479793
2022-04-12,"Chaotic Trading in Energy, Metals and Food Spills Into Real World","Wild swings in commodity futures markets complicate business for those who use raw materials and filter into higher prices for consumers. Traders are stepping away from the risky market, creating even more volatility.",29.72,11.49722639817393
2022-04-22,Sanctions Strand Russia-Bound Luxury Cars,Thousands of vehicles are stuck at a Belgium port as customs officials navigate what can be shipped to Russia. ‘It will take months to clear.’,26.3,11.164461124972142
2022-04-27,(1) Russian Gas Stoppages Spur Europe’s Race for Energy Supplies (2) Russian Supply Concerns Drive Natural-Gas Prices Higher (3) France’s Total Takes $4.1 Billion Charge Owing to Russia Sanctions ,"(1) European officials denounced Russia’s move to halt gas to Poland and Bulgaria, which threatens the continent’s energy supply. (2) The stoppage of Russian exports to Poland and Bulgaria stirs investors’ anxieties about further global supply strains (3) The energy giant said Western sanctions would affect an Arctic natural-gas project that had been expected to launch in 2023. ",26.2,11.01321850615387
2022-04-28,"(1) Natural-Gas Producers: In Thin Air (2) As Europe Thirsts for Natural Gas, U.S., EU Signal Support for Long-Term Deals ","(1) Geopolitical risks are pushing natural-gas prices, and producer stocks, to the stratosphere. (2) With Russia moving to pinch natural gas supplies to parts of Europe, U.S. and European Union officials are indicating that they are more open to longer-term deals to ship American fuel across the Atlantic. ",22.225,10.964691412328104
2022-04-29,U.S. Gas Producers Under Pressure as Russia Cuts Off Supplies in Europe,"As Europe races to wean itself off Russian energy, American natural-gas producers are struggling to meet the demand and prices are rising. Factors including extreme weather and equipment needs have created a bottleneck amid the war in Ukraine. Illustration: Laura Kammermann and Sharon Shi",21.9,10.917131876645405
2022-05-04,(1) Europe Scrambles for Energy Before Cutting Itself Off From Russia (2) EU Proposes Ban on Russian Oil Imports ,"(1) The region is racing to stock up on oil and natural gas before tighter sanctions are imposed on Russian energy, amid a dash to reorganize global energy supplies. (2) The European Union proposed a ban on Russian crude within six months and is set to impose sanctions on Russian military officials accused of war crimes. ",23.425,10.86999594579294
2022-05-05,Shell Takes $3.9 Billion Charge Related to Russia Exit,The oil major is the latest energy giant to document a financial hit from exiting the country following its invasion of Ukraine.,23.703,10.823321329253185
2022-05-09,Activist Investor Third Point Continues Push for Shell to Restructure,The hedge fund has told clients it has added to its profitable position in the energy giant.,20.2,10.73359914864855
2022-05-11,Ukraine Reduced Russian Gas Flowing to Europe Through Key Pipeline,"Ukraine reduced flows of Russian natural gas through its territory to Europe, introducing a new threat to the energy security of a continent already racing to sever its dependence on Russian fossil fuels.",21.772,10.648388034483276
2022-05-12,Russian Tanker Giant in Deals to Sell Ships Amid Western Sanctions,"Buyers in Middle East and Asia, including Koban Shipping and Eastern Pacific Shipping, have agreed to acquire vessels to haul crude oil and natural gas.",23.197,10.603374176701196
2022-05-13,Europe’s Gas Market Is Still Counting on Russian Supplies,"Russia has reliably provided gas to Western Europe for decades, but the risk of a cutoff keeps rising.",21.422,10.560041241578666
2022-05-17,How Germany Is Racing to Sever Dependence on Russian Energy,Europe’s largest economy is scrambling to find new suppliers and invest billions in infrastructure to reverse decades of policy in weeks; business leaders warn of a financial crisis from higher energy prices.,20.075,10.51953641472608
2022-05-25,"(1) New U.S. Gas-Export Plant Gets Green Light as Europe Thirsts for LNG (2) Ukraine War Threatens Transition to Cleaner Energy, Leaders Warn at Davos ","(1) Natural-gas exporter Venture Global LNG said it would build a new, multibillion-dollar liquefied natural gas export facility in Louisiana, as demand for U.S. gas exports surges in Europe following Russia’s invasion of Ukraine. (2) While fossil fuel investments may be needed as Europe seeks to reduce Russian supplies, longer investments could derail climate goals, some say. ",23.108,10.243974842539965
2022-05-26,(1) Europe’s Quest for Alternatives to Russian Gas Hits Obstacles (2) Natural Gas Surges as Cooling Season Switches On ,"(1) Europe is hitting roadblocks as it tries to replace Russian gas in the Middle East and North Africa, as talks with big producers like Qatar, Algeria and Libya have become complicated. (2) The fuel has tripled over the past year to the highest level since 2008, which was before frackers flooded the market with shale gas. ",24.338,10.194976375218566
2022-06-03,The End of Energy Free Trade,"Welcome to a new era in oil and gas, prompted by Western sanctions against Russia, that gives geopolitics an edge over market forces.",23.543,9.906073035692591
2022-06-08,(1) Japan Halts Loans to Russian Gas-Export Plant (2) Stocks Slip Amid Concerns of an Economic Slowdown ,(1) A $21 billion natural-gas export plant under construction in Siberia suffered another setback when a Japanese government-owned bank said it has suspended loans to the project. (2) U.S. stocks fell as investors parsed an ambivalent outlook for the global economy and awaited key data about inflation. ,21.792,9.768171450121775
2022-06-09,Natural-Gas Prices Swing After Fire in Texas and New Inventory Data,"Prices were buoyed by data showing little progress has been made in boosting domestic gas inventories, after a sharp decline that followed a fire at a Texas fuel-export facility.",23.486,9.72425994980748
2022-06-13,"(1) Without Cheap Russian Energy, Some European Factories Must Close (2) France’s Total Joins Qatar as First Foreign Partner in $30 Billion LNG Project (3) LNG Prices Will Steam Up Again ","(1) Industrial energy costs are soaring in the wake of Russia’s war on Ukraine, hobbling European manufacturers’ ability to compete in the global marketplace. (2) Qatar tapped French oil giant TotalEnergies as its first foreign partner in a $30 billion liquefied natural gas project, as the Persian Gulf emirate pledges to help Europe secure new supplies of gas as it weans itself off Russian energy. (3) Prices of the fuel have mostly trended lower since hitting highs this past spring. But that is unlikely to last in a fragile market. ",22.543,9.641047042636949
2022-06-14,(1) Natural-Gas Prices Plunge After Extended Outage at Texas LNG Facility (2) BP Bets Big on Giant ‘Green Hydrogen’ Project in Australia ,"(1) One of the biggest U.S. LNG exporters said fire damage will prevent it from returning to full capacity until late this year. (2) The oil major is taking the lead on one of the world’s biggest projects to produce the alternative fuel, which is in growing demand due to climate change but remains uneconomical. ",24.1,9.597560458002912
2022-06-15,(1) Natural Gas Could Start to Melt United Front Against Russia (2) EU Moves to Wean Itself off Russian Natural Gas With Deal (3) European Natural-Gas Prices Jump as Russia Cuts Supplies Again ,"(1) With storage levels low and geopolitical risks running high, it isn’t taking much for natural-gas prices to swing wildly. (2) The European Union’s agreement with Israel and Egypt to boost shipments taps into the natural-gas riches of the eastern Mediterranean as it races to secure alternatives to Russian energy. (3) Europe’s options for filling its natural-gas stores to avoid a winter energy crisis are narrowing as flows from Russia decrease and U.S. shipments are poised to stall, sending gas prices higher. ",28.927,9.552858348295038
2022-06-16,"(1) High U.S. Fuel Exports Are Contributing to $5-a-Gallon Gas (2) Central Bankers Could Derail the Rally in Oil and Gas (3) Russia Slashes Gas Flows, Aiming Economic Weapon at Europe ","(1) A rapid rise in American fuel exports this year has helped push gasoline prices to a record $5 a gallon and is pressuring U.S. prices of natural gas, which hit the highest levels in over a decade earlier this month. (2) Supply problems are feeding expectations that commodity prices will go higher, but rising interest rates are an important counterweight. (3) Moscow’s move to slash natural-gas exports to Europe has pitched the continent’s energy crisis into a dangerous new phase. ",38.58,9.535081737769945
2022-06-17,Russia Steps Up Pressure on European Gas Supplies,A further reduction in the supply of natural gas to Europe’s biggest economies is raising concerns of a fuel shortage this winter.,37.889,9.510405376100366
2022-06-20,Less Russian Gas Puts Europe’s Winter Fuel Supply in Jeopardy,Russia’s throttling of natural gas to Europe is endangering the continent’s race to sock away enough fuel to ride out next winter.,36.049,9.47635868528254
2022-06-21,U.S. Natural-Gas Exporter Completes First Deal With German Buyer,"Venture Global struck the first binding deals by a U.S. natural-gas exporter to supply a German company, as Europe turns to America to help replace supplies from Russia.",36.779,9.444324515079632
2022-06-22,Dallas Cowboys Owner Scores on Billion-Dollar Natural-Gas Gambit,"Jerry Jones bought control of Comstock Resources at the depths of the gas bust, and now his stake is worth more than twice what he paid.",36.246,9.411504556721328
2022-06-23,(1) U.S. Natural Gas Sales to China Dry Up (2) Europe Prepares to Go Cold Turkey on Russian Gas ,"(1) In a redirection of flows because of the Ukraine war, America is selling more to Europe, while Russia is becoming more dependent on sales to China. (2) The odds of Russia cutting off Europe’s gas have changed dramatically. Europe’s energy options haven’t. ",37.246,9.383308266751428
2022-06-24,Europe’s Search for Natural Gas Runs Up Against Climate Goals,Efforts to replace Russian natural gas have set in motion plans for new production and infrastructure world-wide that critics say risk throwing the world off track in meeting the Paris accord’s climate targets.,36.888,9.353352064742662
2022-06-29,Gas Prices Test American Appetite for New Cold War With Russia,"Russia is waging two wars right now: a hot war with Ukraine whose costs are measured in death and destruction, and a cold war with the West whose costs are measured in economic hardship and inflation.",38.59,9.270020132963156
2022-07-01,"(1) Wild First Half in Markets Sets Stage for More Big Moves (2) Russia Takes Control of International LNG Project (3) New U.S. Guided Rockets Strengthen Ukraine’s Hand (4) Russian Missiles Kill 21 in Residential Area in Odessa Region, Ukraine Says ","(1) Charts size up what might lie ahead for businesses and the economy. (2) The move is one of the most drastic responses by the Kremlin so far to the flight of Western companies from Russia in the wake of the country’s invasion of Ukraine. (3) Ukrainian officers say the Himars batteries are already shifting the balance of power in the artillery duel being fought with Russian forces in the Donbas region. (4) The overnight attack, the latest in a surge of Russian strikes, occurred hours after the conclusion of a NATO summit where President Biden promised to support Ukraine “for as long as it takes.” ",40.52,9.23869236710158
2022-07-04,Coal Makes a Comeback as the World Thirsts for Energy,"Tight supplies of commodities following Russia’s war in Ukraine lead countries back to the dirtiest fossil fuel, despite commitments to tackle climate change.",41.652,9.2358586769565
2022-07-07,"Europe Scoops Up LNG, Choking Off Power Supplies in Poorer Nations","The war in Ukraine is depriving far-away developing countries of electricity, as the world’s supply of liquefied natural gas used to produce power is swallowed up by European nations as an alternative to Russian gas.",42.474,9.221209650776668
2022-07-14,Global Natural-Gas Markets Are Getting Scared,"LNG spot market prices have shot up in recent weeks, but could have much further to go if Russia closes its pipeline to Germany.",41.87,9.133371682216268
2022-07-18,"Looming Gas Crunch Poses ‘Historic Test’ for Europe, IEA Says","European nations are rushing to rapidly refill gas storage tanks before the winter heating season sets in. But they face a possibility that Russia will choose to completely cut off its gas supply, said the International Energy Agency’s head.",36.594,9.058476869263584
2022-07-19,Russian Gas Supplies to Europe Aren’t Expected to Restart,Europe is working on contingency plans for the possibility that the Nord Stream pipeline won’t return to operation.,38.372,9.020759401473269
2022-07-20,(1) Green Hydrogen Is Cheaper Than LNG in Europe (2) Natural Gas Remains Putin’s Weapon of Choice ,"(1) Gas prices will fall eventually, but the European energy crisis has permanently improved prospects for the clean-burning fuel. (2) Restarting limited natural-gas flows down the Nord Stream pipeline keeps Moscow in the money and markets on edge. ",39.537,8.991512831299984
2022-07-21,(1) Putin’s Gas Game: Toy With Europe’s Supply and Make Its Leaders Squirm (2) Russia Resumes Nord Stream Natural-Gas Supply to Europe (3) Heat Wave Sends U.S. Natural-Gas Prices Soaring ,"(1) The Kremlin is weaponizing energy over Ukraine sanctions, a gambit that carries huge risks for both sides as customers race to lock in alternative sources. (2) The restart of the pipeline buys time for governments to decouple from the Kremlin’s exports amid what they expect will be an increasingly unreliable supply of energy heading into the winter. (3) Some of the hottest weather on record is lifting natural-gas prices, reversing last month’s plunge and reviving a key driver of inflation as power plants guzzle the fuel to keep air conditioners humming. ",37.867,8.956227068164889
2022-07-22,"(1) South Korean Shipbuilder, Workers Reach Deal to End Strike (2) The World Is Thirsty for America’s Natural Gas ",(1) Daewoo’s agreement with subcontract workers ended a weekslong strike that had pushed back deliveries of in-demand LNG vessels and triggered roughly $600 million in losses. (2) A global race among U.S. allies to secure American gas exports is testing the country’s ability to meet fast-growing demand. ,42.57,8.942492045289452
2022-07-25,(1) Why Russia Is Cutting Gas Flows via Nord Stream to Europe and What It Means (2) Russia to Cut Europe’s Gas Flow via Nord Stream to 20% (3) Shell Says It Will Proceed With Jackdaw Gas Project ,"(1) An overview of the pipeline that connects Russia’s Siberian gas fields with Germany, and the maintenance process at the heart of Europe’s gas dilemma. (2) The move raises new questions about Europe’s ability to sock away enough gas for the winter. (3) Company decides to move forward with the development, which has been opposed by environmental groups, and says it could produce more than 6% of expected U.K. North Sea gas by mid-decade. ",41.392,8.923240426275497
2022-07-26,U.S. Natural Gas Futures Touch 14-Year High,,45.144,8.9233697265196
2022-08-01,(1) Europe’s Energy Crisis Threatens to Slow Green Transition (2) America’s New Energy Crisis ,"(1) A deepening energy crisis, a global heat wave, soaring prices, supply-chain snarls and worries about the economy are threatening to delay Europe’s longer-term promises to transition to lower-emission energy sources. (2) How did this happen, and what will it take to fix it? ",47.439,8.988373679470984
2022-08-02,BP Profit Surges on High Energy Prices,"The London-based company is the latest oil major to cash in on the highest energy prices in more than a decade, reporting strong second-quarter profit helped by fuel-making margins and oil trading.",50.232,9.027634376360863
2022-08-04,(1) Glencore Profit Doubles on Energy-Market Volatility (2) Apollo’s Losses Mount as Investment Red Ink Flows ,"(1) The commodities giant said profit more than doubled in the first six months of the year, boosted by significant market volatility stirred up by macroeconomic and geopolitical events—a theme it expects to continue for markets through the rest of 2022. (2) Apollo Global Management reported its second-straight quarterly loss with a $2 billion deficit stemming largely from rising interest rates that drove down the value of assets held by the firm’s retirement services operations. ",46.047,9.069855055717548
2022-08-16,Heat Wave Intensifies Energy Crisis in Europe,Natural-gas prices surged to a record and electricity prices rallied as high temperatures spur a bidding war for the fuel.,57.728,9.3230504403298
2022-08-17,"(1) Santos Approves $2.6 Billion Oil-Field Development in Alaska (2) European, U.S. Gas Prices Extend Gains ",(1) The Australian producer said the first phase of the Pikka oil project can bolster energy security as countries look to diversify supply away from Russia after the invasion of Ukraine. (2) nan ,59.055,9.440006882301544
2022-08-18,"A Top Gas Producer Considers Cutting Exports, but Timing Couldn’t Be Worse","Australia could demand some exporters redirect natural gas to domestic buyers, straining global energy supply further.",56.01,9.520876983353087
2022-08-19,"(1) Europe’s Gas Crunch Will Squeeze BASF (2) Russia to Halt Nord Stream Gas Flows to Europe, Citing Pipeline Maintenance ","(1) The chemical giant’s German operations use a lot of gas, and dwindling supplies could make for a very costly couple of years. (2) Unexpected three-day maintenance shutdown later this month on the Nord Stream pipeline fans fears that Russian natural-gas cuts will tip Europe into a recession. ",55.277,9.590620064631114
2022-08-22,Europe’s Natural-Gas Crunch Sparks Global Battle for Tankers,Charter rates and prices for new LNG tankers have surged as Europe looks for alternative natural-gas supplies after Russia squeezed flows.,61.025,9.711687126715711
2022-08-23,"(1) After Six Months of War in Ukraine, Momentum Tilts Against Russia (2) U.S. Natural-Gas Prices Hit Shale-Era Highs ","(1) Moscow retains a firepower advantage, but Kyiv is starting to take the initiative, while Western support for Ukraine is holding firm despite economic pain. (2) The 14-year highs reached this week by natural-gas futures show the unceasing demand for U.S. shale gas across the Atlantic—and likely point to higher prices ahead. ",59.045,9.797509549592746
2022-08-26,(1) TotalEnergies Sells Stake in Russian Gas Field (2) European Energy Rationing This Winter Is Looking Less Likely ,(1) The oil giant’s move came after the French government said it would seek to clarify whether the project was helping to produce fuel for Russian military aircraft. (2) The economic war with Russia is likely to keep prices high and send growth into reverse but the specter of rationing is fading. ,66.559,10.269133489060312
2022-08-30,Europe Braces for Russia Gas Disruption This Week—and Years of Higher Energy Prices Ahead,"As the Nord Stream natural-gas pipeline goes down again for maintenance, governments are preparing for the long-term impact of fuel scarcity.",55.871,10.550795378082352
2022-09-01,"(1) Europe’s Energy Crisis Threatens Glass Production (2) Ukraine Decries TotalEnergies’ Russia Dividend as ‘Blood Money’ (3) America Could Face Its Own Gas Crisis, or Worsen Europe’s ","(1) European businesses as diverse as car makers, bottle manufacturers and skyscraper builders—not to mention artisanal glassblowers—are preparing for a possible glass shortage if the loss of Russian gas throttles production. (2) Advisers to Ukrainian President Volodymyr Zelensky suggest the French energy company reject the payment or redirect it to Ukrainian war victims. (3) The summer heat is still lingering in the U.S., but a peek at domestic natural gas prices is a chilling reminder of the kind of price spikes that could surface during the winter. ",49.774,10.6397986414101
2022-09-08,Coal Power Falls as Prices Soar and China Stumbles,"Global coal-fired power generation fell by 1.2% during the first half of 2022 from the same period last year, according to a report, as China’s economic slowdown and the impact of Russia’s invasion of Ukraine crimped demand.",38.635,10.715980201502788
2022-09-09,Europe’s Energy Crunch Could Spark Flashbacks to the Eurozone Crisis,"EU leaders are scrambling to agree on collective action on energy prices, but a hasty compromise risks unintended consequences once again.",43.531,10.694000898241203
2022-09-15,(1) Shell Names New CEO as Longtime Boss Steps Down (2) Cheniere CFO Aims for Investment-Grade Credit Rating as Natural-Gas Prices Soar ,"(1) The company said Ben van Beurden would be replaced by Wael Sawan, marking the changing of the guard at one of the world’s biggest oil companies. (2) The liquefied natural gas producer has paid down a portion of its debt as it benefits from surging energy prices. CFO Zach Davis hopes the company’s credit rating will notch higher within a year. ",46.871,10.61095004849648
2022-09-16,Vladimir Putin’s Energy War With Europe Seems to Falter,"Russia cut natural-gas supplies to undermine European support for Ukraine, but the economic strategy is struggling.",41.722,10.602860568622695
2022-09-19,U.S. Natural Gas Output Hit a Record High,,38.186,10.590524382037238
2022-09-21,Loans Are Cheaper Than Bonds for Some Highly Rated Companies,"Some highly rated companies are turning to term loans instead of bonds for their financing needs, taking advantage of cheaper pricing as banks have been slower to adjust to rising interest rates than the credit markets.",44.813,10.580829487648147
2022-09-28,"Oil-Patch Poll: Executives Predict Lower Crude Prices, More Expensive Natural Gas",,39.572,10.541015769814644
2022-09-29,Australia Withdraws Threat of Gas-Export Curbs After Deal With Producers,"Energy companies committed to direct more natural gas to Australian consumers when shortages flare, neutralizing a threat that the government would impose caps on exports to Asia and other major markets.",38.037,10.541029629066166
2022-09-30,Exxon CEO Warns Biden Administration Against Limiting Fuel Exports,Exxon is arguing against the push to get energy companies to slow overseas shipments and stash more fuel in storage tanks.,37.412,10.53968889847248
2022-10-03,China Is Rerouting U.S. Liquefied Natural Gas to Europe at a Big Profit,The sluggish economy and high demand in Europe let Chinese energy companies benefit from high global prices.,35.675,10.5396474725645
2022-10-04,"European Natural-Gas Crisis Will Last for Years, Traders Say",,30.087,10.544181438756528
2022-10-05,(1) High Gas Prices Cloud Asia’s Push for LNG (2) Russia Resumes Gas Deliveries to Italy ,"(1) Some emerging Asian countries are slashing imports of liquefied natural gas as competition, especially from Europe, grows for the fuel. (2) Russian gas giant Gazprom and its main Italian buyer, Eni, said a bureaucratic hurdle with Austrian authorities that had blocked supplies since Saturday had been resolved. ",28.875,10.551586832063368
2022-10-06,(1) Shell Braces for Profit Hit From Volatile Natural-Gas Prices (2) Shell’s Slip Shows Oil and Gas Prices Aren’t Everything ,"(1) The London-based company said it expects its third-quarter earnings to be hit by lower refining margins along with “significantly lower” profit from trading gas, as a global scramble for energy supplies riles markets. (2) The supermajor’s lower trading profits highlight that energy stocks offer an indirect link to commodity markets. ",32.503,10.548948898499418
2022-10-07,EU Clash Could Slash Gas Prices,The political storm brewing in Europe could have a big impact on global natural-gas prices.,27.621,10.47352611067993
2022-10-11,Federal Officials Trade Stock in Companies Their Agencies Oversee,"Hidden records show thousands of senior executive branch employees owned shares of companies whose fates were directly affected by their employers’ actions, a Wall Street Journal investigation found.",29.554,10.48933552574372
2022-10-14,(1) Higher Heating Bills Poised to Hit Households (2) Winter’s Approach Raises Stakes in European Energy Crisis ,"(1) Elevated prices for natural gas, heating oil, propane and electricity are colliding with forecasts for slightly colder temperatures. (2) Europe’s scramble to wean itself off Russian natural gas faces its first big test in coming weeks, with falling temperatures expected to boost demand amid tight supplies and high prices. ",29.2,10.505772543037178
2022-10-17,New England Risks Winter Blackouts as Gas Supplies Tighten,Severe cold spells in the Northeast could reduce the amount of gas available to generate electricity as more of it is burned to heat homes.,30.272,10.508157108914745
2022-10-19,"(1) LNG Freight Rates Hit $450,000 a Day as Russia Disrupts Fuel Supplies (2) Flooding in Nigeria Uproots Millions and Severs Gas Production ",(1) Ships carrying liquefied natural gas command record prices as Asia and Europe spur high demand. (2) The flooding has aggravated fuel and food shortages across Africa’s most populous nation and could affect gas exports to Europe. ,29.613,10.519437740341568
2022-10-20,Tankers Line Up Off Europe’s Coast Waiting for Gas Prices to Rise Again,"Dozens of ships laden with natural gas are floating off the coast of Europe, many of them waiting for berths to unload as the continent races to top up storage ahead of a winter without Russian gas.",30.274,10.523177876732731
2022-10-21,(1) Long-Term Deals Help Japan Secure Ample Gas (2) Europe’s Energy Shock Spurs Rethink of Liberalized Gas Markets ,"(1) Japan imports nearly all of its natural gas and, despite the worst energy crisis in many years, it isn’t facing shortages or out-of-control prices. (2) Rocked by its biggest energy shock since the 1970s, Europe is unpicking parts of a two-decade endeavor to foster a competitive market in natural gas. ",32.659,10.523782694147558
2022-10-25,EU Seeks Quick Deal on Energy Price Interventions,The European Union wants to reach a deal within weeks on a set of market interventions to tackle the painfully high energy bills resulting from Russia’s economic war with the West.,29.897,10.52816045439046
2022-10-26,"Europe, Once Fearing Gas Rationing, Has a Glut","Prices for natural gas have tumbled more than 70% from their late-August high, thanks in part to a burst of warm weather.",29.919,10.53228058477302
2022-10-28,"(1) Exxon, Chevron Investors Risk Altitude Sickness (2) Natural-Gas Prices Have Plunged Into Autumn ","(1) U.S. major oil companies had another standout quarter:  Combined, Exxon and Chevron reported nearly $31 billion in profits. (2) A big driver of inflation is down more than 40% in two months as U.S. inventories have swelled since air-conditioning season. ",30.158,10.540156104942838
2022-10-31,Colder Winter in Europe Could Mean Higher Natural-Gas Demand,"Colder weather conditions this winter could add pressure on governments and companies managing the continent’s supply of natural gas, just as they try to pivot away from their reliance on Russia.",25.567,10.55529861931122
2022-11-03,"(1) Europe Risks Huge Gas Shortfall Next Summer, IEA Warns (2) Sempra Infrastructure to Build New U.S. LNG Plant ","(1) Governments in Europe must take further steps to limit its gas demand this winter or face a worsening energy crisis next year, the International Energy Agency warned. (2) The project is the first phase of Port Arthur LNG, a roughly $10.5 billion export facility in Texas that would start delivering cargoes around 2027, potentially adding much-needed supplies of liquefied gas to global markets. ",29.007,10.57467783296105
2022-11-04,Why Natural Gas Tankers Are Lining Up Off Europe's Coast,"Tankers carrying liquefied natural gas are floating off Europe's coast, waiting for the price of the fuel to rise. WSJ’s Joe Wallace explains how the tankers are Europe’s attempt to address the energy shortage and what it might mean for the continent this winter. Photo Illustration: Alexander Hotz/WSJ",28.176,10.569231771011264
2022-11-09,Origin Energy Gets $10 Billion Takeover Bid,Major retailer of electricity and gas in Australia gets a takeover proposal worth around $10 billion from a consortium led by Brookfield Asset Management.,25.301,10.609929743685436
2022-11-11,(1) Twitter Spoof Sank Natural Gas Prices (2) The U.S. Electric System Asks Customers for Help Avoiding Blackouts ,"(1) nan (2) As the grid becomes more unstable, officials are compensating industrial and residential customers to curb usage during times of peak stress. ",22.076,10.6461362181277
2022-11-17,(1) Egypt Dims the Lights to Free Up More Gas for Europe (2) Europe Needs Luck to Escape the Worst of Gas Crisis ,"(1) The country is cutting back on its domestic energy use so it can sell more gas and help tackle its economic crisis. (2) The European Union has stored enough gas to get through this winter. Ideally, tanks would still be around 40% full in the spring to be in a similar position next fall. ",24.781,10.704127473301982
2022-11-18,Race to Secure Gas for Europe’s Future Winters Has Already Begun,"Some companies are weighing U.S. LNG deals, but talks have hit hurdles because of climate goals and pricing.",28.572,10.7066996643904
2022-11-21,"Fuel Prices Have Come Down Some, But Winter Heating Bills Will Probably Rise","Colder weather, higher prices and tight supply a pose the threat of a miserable winter for consumers",29.608,10.70988251297126
2022-11-22,"ECB Must Narrow Rate Gap With Fed, OECD Says","While there have been some recent signs that these rates are at or close to their peaks, the Paris-based research group said inflation is unlikely to fall back quickly to the 2% level targeted by many central banks.",28.662,10.715249763651078
2022-11-25,"(1) Fearing Sabotage, Europe Patrols Pipelines With Mine Hunters and Unmanned Subs (2) U.S. Natural-Gas Pioneer Struggles in His Second Act ","(1) The destruction of Nord Stream pipelines in September alarmed security forces across EU. “The Ukraine war, and especially the Nord Stream explosions, were a wake-up call,” said a commander at the Danish navy. (2) Charif Souki played a starring role in transforming America into an energy powerhouse, but his second attempt at exporting natural gas is foundering. ",31.577,10.71765616391116
2022-11-29,Qatar Signs Limited Natural-Gas Supply Deal With Germany,The agreement will help Berlin diversify supplies but falls far short of the amounts needed to replace missing Russian natural gas.,31.149,10.721009878207562
2022-12-01,The New Battleships in Europe’s Energy War Are in Short Supply,The world’s tiny fleet of floating storage and regasification vessels is suddenly in high demand as the EU rushes to import more LNG.,38.075,10.72145111134754
2022-12-02,Japan Looks to Build Buffer of Natural Gas in Case of Supply Crunch,Russia’s move to decrease gas deliveries to Europe prompts Tokyo to rethink policy.,32.765,10.72168010974811
2022-12-06,(1) How the Century-Old Jones Act Affects Today's Home-Heating Prices (2) Natural-Gas Prices Swing Again in Unseasonal Slump ,"(1) The maritime law aimed to prop up U.S. industry after World War I, but its limitations result in higher prices for shipments, including home heating oil and natural gas, critics say (2) Mild weather and an outage at a liquefied-natural-gas export facility have pressured prices for the heating and power-generation fuel. ",35.313,10.7225887002217
2022-12-07,WSJ Video: Natural-Gas Prices Swing in Unseasonable Slump,,36.899,10.723704129665729
2022-12-08,The Five-Year Engineering Feat Germany Pulled Off in Months,"Europe is racing to build natural-gas facilities to keep its economy afloat. If it fails to shore up its energy grid, governments might have to ration fuel this winter. “This project is really a race against time,” said one manager.",40.353,10.730587893976526
2022-12-09,(1) TotalEnergies to Take $3.7 Billion Write-Down on Novatek Stake (2) How Exxon Mobil’s CEO Views Energy Shortages and Increasing Profits ,"(1) The French energy giant also withdrew its directors from the Russian gas producer’s board, as part of its efforts to scale back business in Russia following the invasion of Ukraine. (2) Darren Woods also talks about why the company is steering clear of renewables ",36.264,10.73130266544984
2022-12-15,Europe Can’t Afford to Name Its Gas Price,Supply of liquefied natural gas will be tight next year. Plans to cap how much the European Union pays are becoming riskier as China lifts Covid restrictions.,38.22,10.729980724859104
2022-12-16,Qatar Warns Brussels Bribery Allegations Could Hurt Energy Talks With Europe,The Persian Gulf kingdom is one of Europe’s best hopes for weaning itself off Russian natural gas.,37.962,10.723124553330557
2022-12-19,"(1) Italy Found a Fix for Its Gas Crisis, but Locals Are Resisting (2) European Energy Ministers Agree to Natural-Gas Price Cap ","(1) A town in Tuscany is fighting against an LNG terminal that Italy says is urgently needed as part of Europe’s efforts to replace Russian energy. (2) Russia’s invasion of Ukraine has sent prices for the fuel soaring across the continent, spurring the emergency measure. ",35.405,10.717686233819482
2022-12-20,Heard on the Street Recap: May Way for the BOJ,,33.297,10.71415473190375
2022-12-22,(1) Shipping Industry Balks at Green Energy Transition (2) Startup Plans to Make Synthetic Natural Gas With Green Hydrogen ,"(1) Shipowners are placing orders for greener vessels but are deterred by limited supplies of alternative fuels, high costs and the long route to meeting emissions targets. (2) Tree Energy Solutions is building a hydrogen hub in Germany. ",30.035,10.689191376337172
2022-12-27,Japanese Companies Reach Natural-Gas Deals,Japanese companies said they reached deals with Omani and U.S. producers for mid- to long-term supplies of liquefied natural gas.,27.277,10.668792969084638
2023-01-03,"German Facility, Built at Breakneck Speed, Accepts LNG From U.S.","The shipment arrived at the import terminal for liquefied natural gas in the port town of Wilhelmshaven, a facility that was built in less than a year to help Germany avert an energy shortage.",23.901,10.710684522176187
2023-01-04,Natural Gas Plunges as Warm Weather Is Forecast,Warm weather and ample supplies of natural gas have pushed prices down more than 50% since the summer to about what they cost a year ago.,22.941,10.72817281050918
2023-01-09,Energy Bulls Are Getting Paid to Stay Calm,Oil and gas stocks are holding steady despite weaker energy prices. Lavish share buybacks may be one reason.,23.373,10.774529512779903
2023-01-10,(1) Made in the U.S.A.: Natural-Gas Prices (2) Oil and Gas Are Back and Booming ,"(1) U.S. natural-gas prices took on European color last year. Warm weather and ample storage is bringing prices down to reflect local realities. (2) The Haynesville basin in Louisiana and Texas is humming with drillers. Among them is Chesapeake, a fracking pioneer that was in bankruptcy just two years ago. ",23.111,10.794482895120348
2023-01-12,EIG Bets Big on Rising Demand for Liquefied Natural Gas,"EIG Global Energy Partners is one of the few private-equity firms still investing billions of dollars in fossil fuel-related assets, as it bets on continued global demand for liquefied natural gas before the world can fully rely on renewable energy.",20.861,10.8443322750235
2023-01-13,How Europe Escaped a Looming Energy Crisis,"The worst-case scenario has been averted through conservation by consumers, mild temperatures and a scramble to create more gas supplies.",21.772,10.860948388013997
2023-01-18,"(1) German Chancellor Praises Ukraine’s Resistance, Warns Against Economic Protectionism (2) Natural Gas Tumbles To Fresh Low ","(1) Russia has failed to reach its goals, and the war has made the West more resilient and accelerated the decarbonization of its economies, German Chancellor Olaf Scholz said at the World Economic Forum. (2) nan ",19.151,10.947680265819043
2023-01-19,(1) What Does the Future Hold for Natural Gas? (2) Liquefied Natural Gas Will Have a Less Frenzied 2023 ,"(1) Its reputation as being reliable and abundant has taken a hit from Europe’s energy crisis, and concerns about its environmental impact are growing. (2) China’s reopening makes a further slide in LNG prices unlikely, but it won’t necessarily supercharge prices again either. ",21.085,10.949692233611652
2023-02-02,"Shell Posts $42 Billion Profit, Adding to Industry’s Record Haul","Shell became the latest oil giant to post a record annual profit last year, joining U.S. peers in surging back from early pandemic losses on soaring energy prices.",18.813,11.08170558778663
2023-02-03,Caribbean Seeks Venezuelan Energy as Sanctions Ease,Countries coping with high energy costs are turning to Venezuela as the U.S. relaxes curbs that have kept its supplies off limits for years.,17.592,11.124355026415357
2023-02-06,Methanol Takes Lead in Shipping’s Quest for Green Fuel,"A successful shift to methanol, however, will require billions of dollars of investments in new ships and fueling infrastructure, as well as lower prices for methanol.",17.545,11.164021407873072
2023-02-10,Natural Gas: Fasten Your Seat Belts,The buffers that keep America’s natural-gas price fluctuations at bay are eroding.,16.026,11.343761847019872
2023-02-17,Abu Dhabi to Sell 4% of Natural-Gas Business in IPO,The national energy company hopes to raise $2 billion from the sale and comes as Middle East energy producers ramp up plans to supply Europe.,14.499,11.566154858170147
2023-02-22,How Hybrid Work Is Changing Offices of the Future,Architects and real-estate developers are pioneering concepts to entice workers who will permanently split their time between home and office. Here are the innovations you’ll see in coming years.,14.513,11.696623902579656
2023-02-23,"Natural-Gas Prices Plunge, and Drillers Dial Back","Prices for the fuel are down more than 65% since mid-December, and U.S. inventories have flipped to an unseasonable surplus.",14.735,11.738357063689609
2023-02-24,(1) Peacetime Would Be a Black Swan Event For Energy (2) Sanctions Net Widens to Catch Russia’s Middle East Shipping Company ,"(1) Even if an end to the war in Ukraine isn’t imminent, energy producers need to consider the possibility before they invest in long-term projects. (2) The measures targeted Sun Ship, a Dubai unit of the Russian state-owned tanker company that brings in 70% of Russia’s energy revenue. ",14.988,11.783462975640385
2023-03-03,(1) Abu Dhabi Gas IPO Raises $2.5 Billion (2) How Gas From Texas Becomes Cooking Fuel in France (3) Energy Industry Wrestles Over Going Green Too Fast ,"(1) nan (2) Following Russia’s invasion of Ukraine, Europe is importing U.S. natural gas like never before to heat homes, generate electricity and power factories. (3) Climate issues and energy security are expected topics at a gathering of government officials and oil executives. ",13.963,12.052872810787862
2023-03-15,Why Gas Bills Are Going Crazy—With No End in Sight,"Supply challenges contributed to the most volatile year on record for natural gas prices, and the volatility isn’t slowing down.",13.764,11.72196630625304
2023-03-31,"Japan Breaks With U.S. Allies, Buys Russian Oil Above Cap","Citing energy needs, Tokyo won legal exception to rules binding Group of Seven nations.",12.869,12.34697260598136
2023-04-14,Fossil-Fuel Veterans Find Next Act With Green Hydrogen,Executives see similarities between the nascent industry and the early days of liquefied natural gas.,11.932,12.768366502410183
2023-04-18,Warren Buffett and Japan’s Trading Titans Would Be Formidable Allies,The Berkshire Hathaway head hinted in a recent interview that his interest in Japan’s trade giants goes beyond just holding their stocks.,12.378,12.85912984834463
2023-04-21,China Strikes Energy Deals as Its Clout Grows in Middle East,"For years, China has bought oil and gas from the Middle East. Now, Chinese companies are making big investments in parts of the energy infrastructure.",11.857,12.990884712503115
2023-04-27,Europe Moves Toward Cutting a Last Source of Russian Energy,Steps to limit shipments of LNG from Russia could push up natural-gas prices.,11.148,13.175482580144008
2023-05-05,Good News for Your Utility Bills: Gas Producers Keep Drilling,Continued flow of natural gas should ease electricity costs but it is risky for companies.,9.882,13.400565270909432
2023-05-08,Shell and BP’s Hidden Spark,"The European companies’ energy traders generate huge profits, but investors are mostly in the dark.",10.072,13.448719498018848
2023-05-10,Executive’s Russian Ties Cause Stir at Italian Energy Company,"The nomination of Paolo Scaroni, an energy-industry veteran and ally of former Italian prime minister Silvio Berlusconi, drew sharp criticism because of his history of close business dealings with Russia.",10.472,13.53316075178068
2023-05-24,Sudden Energy-Price Collapse Brings Economic Boon,"After skyrocketing last year due to the Ukraine war, natural-gas prices are in retreat around the world. But the outlook isn’t entirely positive, as the drop is also a symptom of slowing activity.",9.722,13.971383210477592
2023-05-26,"Texas, a Clean-Energy Pioneer, Turns Against Renewables","The state welcomed wind and solar power for years, fueling rapid growth. Now Republicans want a rollback.",8.996,14.068272638762778
2023-06-09,CEO Takes Shell’s Pitch Direct to Wall Street,Wael Sawan signals openness to more oil production in an effort to woo investors.,9.484,14.494025934636143
2023-06-27,Australia Put a Lid on Rising Energy Prices. Some Warn It Was a Mistake.,"Lawmakers say an experiment with price controls has helped consumers, but natural-gas producers argue it is stifling investment.",11.715,14.768343665864233
2023-06-28,Cheaper Natural-Gas Prices in Store This Summer,The fuel’s price has rallied but is much lower than a year ago.,12.049,14.781931987473785
2023-07-11,Japan Accuses Australia of Betrayal in Fight Over Natural-Gas Exports,"The two U.S. allies, normally close, are trading barbs after Canberra clamped down on carbon emissions.",11.185,14.779147438583337
2023-07-20,Why This Heat Isn’t Cranking Up Your Gas Bill,"With a glut from the warm winter, the power-generation fuel costs 60% less than last summer.",10.657,14.77836966032748
2023-07-21,America’s Rise as Energy Export Powerhouse Hinges on One Town,"Pipelines to Corpus Christi, Texas, are near capacity as U.S. oil production approaches records.",11.384,14.77294584164139
2023-07-25,U.S. Allies in Asia Snub Natural Gas From Alaska Project,Potential buyers are concerned about the lack of major investment commitments by big U.S. energy companies in the $44 billion project.,11.404,14.75341369238881
2023-07-27,"(1) Weaker Energy Prices Temper Shell’s Profit, but Not Cash Payouts for Investors (2) Shell’s Shrinking Profit Still Fills Investors’ Pockets ",(1) The oil major boosted its dividend and added a $3 billion buyback in its first quarterly results release since its new CEO unveiled a strategic shift. (2) Earnings at Europe’s biggest oil company fell 56% in its latest quarter. Energy prices would need to halve to potentially stem the flow of payouts. ,11.15,14.70002091432102
2023-07-28,"(1) Natural Gas Pioneer Puts Investment Vehicle Into Bankruptcy to Protect Ranch, Other Assets (2) America’s Military Trails Russia and China in Race for the Melting Arctic ","(1) Charif Souki put Strudel Holdings into chapter 11 to have an “orderly” sale of its assets, including an 813-acre luxury ranch in Colorado. (2) The U.S. is competing with a partnership between the two countries but has fewer icebreakers and ports, and less experience. This article is part of a series examining the problems confronting America’s military. ",10.703,14.619254848433744
2023-08-10,(1) Natural-Gas Prices Pause Climb After Strike Threat (2) Natural-Gas Prices Jolted by Australian Labor Dispute ,"(1) nan (2) Most of Australia’s supply is committed to Asia, so a sudden drop in LNG exports could push European and Asian buyers into a bidding war for gas from elsewhere, including from the U.S. ",12.045,14.179289526455046
2023-08-17,EU Is Set to Hit Winter Gas-Storage Targets Months Early,"Despite the buildup, the bloc’s energy security remains fragile after Russia cut supplies over the Ukraine war.",14.426,13.626489227715815
2023-08-21,Europe’s Gas-Guzzling Days Are Fading,"In a reality check for natural-gas producers, volatile prices are prompting European homes and factories to go green faster than expected.",14.021,13.27034193510803
2023-08-24,(1) Woodside Heads Off Australian Labor Dispute Roiling Gas Markets (2) Natural Gas Prices Slide After Labor Dispute at Major Exporter Is Curtailed ,(1) Threat of walkouts at liquefied natural gas plants run by Woodside had raised concerns about global supplies ahead of the Northern Hemisphere winter. (2) nan ,12.769,12.668072227722142
2023-08-28,"Chevron Workers in Australia Set Date for Work Bans, Stoppages","The walkout threats bring concerns of a sudden drop in liquefied natural gas exports, disruptions to global gas supplies.",12.681,12.095578519307688
2023-08-30,‘From Black Gold to Frozen Gas’ Review: A Natural Gas Powerhouse,The discovery of natural gas off the shores of Qatar has transformed this inhospitable Persian Gulf peninsula into a major geopolitical player.,12.893,11.32015890851721
2023-09-06,"Africa’s Vast Solar and Mineral Resources at Risk of Being Left Untapped, IEA Warns",High costs have put off most investors from buying into the continent’s plentiful clean-energy reserves.,12.935,10.528401253179682
2023-09-08,Chevron Workers Begin Industrial Action at Australian LNG Plants,The company’s Gorgon and Wheatstone facilities account for about 7% of global liquefied-natural-gas supply.,13.342,10.04965499774527
2023-09-19,The Unexpected New Winners in the Global Energy War,Western nations are forging unusual alliances to replace natural gas from Russia. “We pushed the accelerator to the maximum.”,13.954,9.306178583801374
2023-10-02,China Is Gaining Long-Coveted Role in Arctic,"Isolated over Ukraine invasion, Russia seeks Beijing’s help as it ships more oil east through polar routes",14.197,8.402254910640476
2023-10-06,(1) Chevron Labor Dispute Flares Up Again in Australia (2) Cruise Lines Pursue Greener Journeys Ahead of New Climate Rules ,"(1) Workers at two natural-gas facilities operated by Chevron in Australia have voted to restart industrial action, reigniting a dispute that has rattled global energy markets. (2) As tourists flock to ships and strain port cities, regulators and environmental groups are pushing companies to invest in cleaner tech. ",12.878,8.111978835813904
2023-10-09,Israel Orders Chevron to Shut Down Gas Platform Near Gaza,The move amounts to a safety precaution amid the deadly conflict that erupted over the weekend.,14.112,8.082114723959638
2023-10-13,The Oil Price Has a Safety Valve. Gas Doesn’t.,"Even though oil flows are more likely to be disrupted by the tense situation in the Middle East, natural gas prices could be more volatile.",16.774,7.939744596260199
2023-10-18,"Renewables Reminiscent of Shale Boom, Kimmeridge Leader Says","Private-equity firm Kimmeridge Energy Management is biding its time to expand investing in renewables while making big bets on oil and natural gas, a strategy reflecting co-founder Ben Dell’s not-so-mainstream views.",19.055,7.823877966391322
2023-11-08,Qatar Pursues Oil Deal After Brokering End to Venezuela Sanctions,A Qatari magnate wants to restart an oil refinery near Venezuela’s coast after the wealthy Gulf state helped mediate talks between Caracas and the U.S.,15.621,7.23735068997467
2023-11-29,(1) Brookfield’s Origin Saga Shows It’s Hard to Price Polluters — Analysis (2) EIG Global Energy Partners Expects New LNG Acquisition Within Months ,(1) At the heart of a nearly US$11 billion takeover tussle for the owner of several Australian coal-fired power plants is a key question for investors: how to value a major polluter that could also become a big enabler of the energy transition. (2) The U.S. investment firm wants to increase exposure to the Atlantic Basin gas market. ,15.797,6.677161616051455
2023-12-01,The World’s Key Canal Is Clogged Up. Winter Fuel Prices Could Get Wacky.,"Climate change could make your winter heating bills more unpredictable, particularly if you live at the end of long and vulnerable fuel supply chains.",15.785,6.533535036064116
2023-12-04,Brookfield-Led Consortium’s $11 Billion Bid for Origin Energy Fails,"An $11 billion bid for Origin Energy, one of Australia’s largest power companies, was rejected by its shareholders on Monday in a stark illustration of how investors are adopting different strategies to bet on the energy transition.",15.492,6.434579938951142
2023-12-06,(1) U.S. Gas Startup at Center of Epic Feud With Global Energy Giants (2) Europe’s Gas Prices Could Fall Further Next Year ,"(1) Venture Global is becoming one of the world’s biggest natural-gas exporters. Shell, BP and others say it got there by reneging on their contracts. (2) European natural-gas prices are expected to decline further next year amid lackluster demand and above-average inventories despite a cold start to the winter, some analysts say. ",15.048,6.178091144839135
2023-12-07,"Woodside Energy, Santos in Talks to Create Global Energy Giant",The Australian companies said a merger could result in a new global company worth around $52 billion.,15.097,6.035274087678073
2023-12-08,"Charif Souki, Who Transformed U.S. Energy, Removed as Tellurian’s Chairman",The natural gas pioneer’s latest energy venture has been floundering for years.,14.764,5.900792797923703
2023-12-11,BP Asks U.S. Regulator to Intervene in Gas Feud,Venture Global is being accused of skirting disclosure rules while maintaining “a veil of secrecy around its operations” to the detriment of some customers.,12.79,5.740760943794541
2023-12-14,Will the End of Fossil Fuels Spoil the Lucky Country’s Streak?,Australia’s moniker has often proved apt in part because of its plentiful natural resources. It is also uniquely vulnerable to climate change. Would a fossil-fuel-free world save it or destroy it?,12.266,5.219716138782772
2023-12-19,Gaza Is Making Oil and Gas Markets Twitchier,Attacks on ships in the Red Sea are a reminder that the war between Israel and Hamas might yet have global repercussions for energy,11.726,4.583274614471959
2023-12-20,"(1) Houthi Rebels Vow to Retaliate as U.S.-Led Force Deploys for Middle East (2) Charif Souki, Godfather of American LNG Industry, Is Ousted from Tellurian ","(1) Natural-gas and crude markets rose, but ample global supplies of the two fuels are keeping the advance in check. (2) Gas-export company’s abrupt termination of its co-founder caps his flamboyant career in energy. ",11.793,4.339563479669583
2024-01-05,"Southwestern, Chesapeake Near $17 Billion Energy Merger",Southwestern Energy and Chesapeake Energy are close to a merger that would create a roughly $17 billion company and one of the largest U.S. natural-gas producers.,11.048,3.0591433449547965
2024-01-08,Shell Flags Impairment Hit of up to $4.5 Billion,"Shell said its fourth-quarter earnings took a hit of up to $4.5 billion in impairments that were offset by significantly higher gas trading, while its overall production volumes are on track to meet targets.",10.749,3.008246725464909
2024-01-09,America Has Plenty of Natural Gas. So Why Is New England Left Out in the Cold?,Threatened closure of a Massachusetts import facility sparks worry about the Northeast’s energy supplies.,9.809,2.980912897260513
2024-01-11,"(1) Chesapeake, Southwestern to Merge as New Gas Behemoth (2) Blockbuster Natural-Gas Merger Is Almost Too Perfect ","(1) The $7.4 billion all-stock transaction will create one of the U.S.’s largest natural-gas producers and is the latest in a flurry of energy deals. (2) The Chesapeake-Southwestern merger is very promising, if it can clear regulatory scrutiny. ",10.133,2.8668493966191506
2024-01-12,America’s Gas Bonanza Brings Biden New Political Dilemmas,The president is facing pressure from some Democrats and climate groups to rein in exports of liquefied natural gas.,10.318,2.808527462917408
2024-01-15,"Houthis Turn Their Sights on U.S. Ships, Vow to Keep Attacking Red Sea Targets",A U.S.-owned bulk carrier was struck and a Navy destroyer was targeted as attacks become more widespread and indiscriminate.,10.348,2.763698753546643
2024-01-16,Natural-Gas Prices Remain Under Pressure Despite Cold Snap,"Robust production, full storage and delays in LNG capacity additions all point toward a year of mild natural-gas prices.",9.804,2.732305827721772
2024-01-23,Houthi Attacks Won’t Threaten Global Natural-Gas Security,Energy markets look very different than in 2022.,9.268,2.6184297263836576
2024-01-24,Some Private-Equity Firms Stick With Natural Gas Despite Climate Concerns,Energy-focused investment firms are betting on rising U.S. natural-gas exports even as activists and some lawmakers push back.,9.298,2.5881513278434576
2024-01-26,Biden Pauses Approvals for LNG Exports,A decision to review the impacts of exports of U.S. liquefied natural gas delivered a victory for environmental groups.,8.909,2.550848619824432
2024-01-31,A New Solution for CO2 Emissions: Bury Them at Sea,Ship operators have designed a vessel to transport supercooled carbon and pump it into offshore wells for permanent storage.,9.86,2.491605392853152
2024-02-01,"(1) Shell Launches Buyback as Earnings Beat Forecasts (2) Biden Gas-Export Decision: Smoke, but No Fire ","(1) Shell’s adjusted earnings beat forecast, driven by higher trading gains from LNG, and said it would buy back $3.5 billion in shares this quarter. (2) With so many permitted projects struggling to secure contracts, pausing LNG approvals was an easy, low-stakes political win. ",9.716,2.479020017992164
2024-02-02,Oil Profits Keep Flowing for Exxon and Chevron,"U.S. giants join Shell in posting strong earnings, but face an uncertain outlook as countries vow to phase out fossil fuels.",9.524,2.459345339864361
2024-02-07,"Woodside, Santos End Talks on Merger to Create $57 Billion Energy Giant",The companies spent two months discussing a merger that aimed to capitalize on the rising demand for natural gas resulting from the war in Ukraine.,9.356,2.4374585159572315
2024-02-08,How the Rockefellers and Billionaire Donors Pressed Biden on LNG Exports,The president’s decision to halt new export terminals follows a campaign by environmental groups funded by wealthy contributors.,9.458,2.438953987165269
2024-02-09,Caught in Biden’s Natural-Gas Export Fight: Your Utility Bill,The export boom has hitched U.S. prices to volatile global markets.,9.163,2.442073467575133
2024-02-14,Shell Sees LNG Demand Up at Least 50% by 2040,"Shell said it expected global demand for liquefied natural gas to grow beyond 2040, driven by industry in China and economic development in South and Southeast Asia.",8.513,2.4526156457906736
2024-02-16,How War in Europe Boosts the U.S. Economy,European rearmament and American aid to Ukraine are flowing back to the defense industrial base.,8.698,2.4648310731384413
2024-02-20,How India Became the World’s Most Nimble Energy Buyer,"With a rapidly growing population and economy, India is thirsty for oil and natural gas—at the right price.",8.291,2.482466178345858
2024-02-21,U.S. Renewable Power Growth Is Setting New Records on the Back of Federal Support,Wind and solar power are projected to become more popular than gas in replacing coal.,8.28,2.493275119821581
2024-02-22,Woodside to Sell Scarborough JV Stake to Japan’s Jera,Woodside Energy said it has agreed to sell 15.1% of the venture developing the Scarborough natural-gas field offshore Australia to Japan’s Jera for $1.4 billion as part of a broader strategic relationship.,8.23,2.5061960661248546
2024-02-23,(1) Corrections & Amplifications (2) Natural Gas Hasn’t Been This Cheap in Decades ,"(1) Corrections & Amplifications for the edition of Feb. 24, 2024 (2) The lowest inflation-adjusted prices in at least 34 years have drillers throttling down from record production. ",7.983,2.5188886213415724
2024-03-11,Elliott Bets $500 Million on Gas Producer Backed by Quantum,Paul Singer’s Elliott Investment is plowing money into a $1.6 billion continuation fund that lets Quantum Capital retain HG Energy as an investment.,8.802,2.617132427132945
2024-03-13,Biggest Gains in Financial Strength in the Management Top 250,"Royal Caribbean heads the list, followed by Cheniere Energy and MetLife",8.714,2.628065784412964
2024-03-14,Shell to Slow Pace of Carbon-Emission Cuts,Anglo-Dutch energy heavyweight said it now targets a 15%-20% reduction by 2030 in the net carbon intensity of the energy products it sells.,8.792,2.633046415330365
2024-04-02,Natural Gas Pioneer Charif Souki Ordered to Pay $100 Million in Damages to Lenders,"The ruling stems from disputes with lenders who seized Souki’s assets, including his Colorado ranch, yacht and his shares in Tellurian, a Houston-based gas company he co-founded.",9.383,2.6833591645776065
